,,,,,,,Heater correction: 0 - 14 days,,,,0.1, m3/ broiler,,,Mimimum ventilation,,,,,
,,,, ,,,Heater correction 14 - 28 days,,,,0.02,m3/ broiler,,,0 - 7 days:,,0.15,m3 per broiler,,
,,,, ,,,Heater correction 28 days - slaughter,,,,0,m3/ broiler,,,7 - 14 days,,0.25,m3 per broiler,,
,,,,,,,,,,,,,,,,,,,,
,,House,,1,25000,Broilers,,,,Maximum Capacity outlet:,,,,236000,,,, m3/hour,,Minimal max.
,Dag,Min. Temp.,RV,Amount broilers,Body weight, ,Min. Ventilation m3/ kg LW metabolic,,,,Min. Ventilation m3/ kg LW metabolic,,,,Min. Ventilation m3/ kg LW metabolic,,,,,MAXIMUM VENTILATIE
,#,,,,,Kg meat,Outside < 0°C,,,,Outside 0-15°C,,,,Outside  > 15°C,,,,,
,,,, ,,,0.6,,,,0.8,,,,1,,,,,4
,,,,,,,m3,m3/br,m3/kg,% of total,m3,m3/br,m3/kg,% of total,m3,m3/br,m3/kg,% of total,,m3/h/kg
,1,33,55,25000,52,1300,4133.4045716637329,0.16533618286654933,3.1795419782028715,1.7514426151117514E-2,4677.8727622183105,0.18711491048873244,3.5983636632448541,1.9821494755162334E-2,5222.3409527728891,0.20889363811091555,4.017185348286838,2.2128563359207157E-2,,5200
,2, ,,24975,64,1598.4,4404.2410992918803,0.17634598996163683,2.7554060931505755,1.8662038556321526E-2,5039.8214657225071,0.20179465328218246,3.1530414575341008,2.1355175702214013E-2,5675.401832153133,0.22724331660272806,3.5506768219176257,2.4048312848106497E-2,,6393.6
,3,32,,24950.025000000001,80,1996.002,4746.853888501988,0.19025447423407343,2.3781809279259178,2.0113787663144016E-2,5497.4710180026514,0.22033929897876459,2.7542412372345577,2.3294368720350216E-2,6248.0881475033138,0.25042412372345574,3.1303015465431967,2.6474949777556416E-2,,7984.0079999999998
,4,,,24925.074975000003,98,2442.6573475500004,5111.9404129683389,0.20509227828183649,2.0927783498146577,2.166076446173025E-2,5985.0847181244526,0.24012303770911533,2.4502350786644422,2.5360528466629038E-2,6858.2290232805653,0.27515379713639415,2.8076918075142259,2.9060292471527818E-2,,9770.6293902000016
,5,,,24900.149900025004,117,2913.3175383029256,5478.7857673841081,0.2200302323231639,1.8806002762663581,2.3215193929593678E-2,6475.0426931779775,0.26004030976421855,2.2225667501215258,2.7436621581262616E-2,7471.2996189718478,0.30005038720527322,2.564533223976694,3.1658049232931557E-2,,11653.270153211703
,6,,,24875.249750124978,135,3358.158716266872,5811.5862935167916,0.23362926410367368,1.730587141508694,2.462536565049488E-2,6919.6067330182213,0.27817235213823155,2.060535941764678,2.9320367512789075E-2,8027.6271725196539,0.32271544017278947,2.390484742020663,3.4015369375083281E-2,,13432.634865067488
,7,30,55,24850.374500374852,160,3976.0599200599763,6257.0590882464458,0.25178932768808221,1.5736832980505138,2.6512962238332397E-2,7514.3996343160998,0.30238577025077629,1.8899110640673518,3.184067641659364E-2,8771.740180385752,0.35298221281347031,2.2061388300841895,3.7168390594854883E-2,,15904.239680239905
,8,,,24825.524125874475,186,4617.5474874126521,6701.3081888056913,0.26993622188307531,1.4512700101240608,2.8395373681380048E-2,8107.5601142117739,0.32658162917743377,1.7558152106313645,3.4354068280558363E-2,9513.8120396178565,0.38322703647179224,2.0603604111386682,4.0312762879736681E-2,,18470.189949650608
,9,,,24800.698601748602,218,5406.5522951811954,7227.4885484658771,0.29142278064523131,1.3368017460790425,3.0624951476550328E-2,8809.9614445628849,0.35523037419364178,1.629497129328632,3.7330345104080023E-2,10392.434340659889,0.41903796774205215,1.9221925125782209,4.4035738731609701E-2,,21626.209180724782
,10,,,24775.897903146852,249,6169.198577883566,7717.5762338178429,0.31149531952331838,1.2509852189691502,3.2701594211092554E-2,9464.2383816522306,0.38199375936442459,1.5341114833912635,4.0102705007000979E-2,11210.900529486615,0.45249219920553063,1.8172377478133761,4.7503815802909383E-2,,24676.794311534264
,11,,,24751.122005243706,282,6979.8164054787248,8222.0033660628687,0.33218709698578425,1.1779684290276036,3.4838997313825712E-2,10137.633754575705,0.40958279598104574,1.4524212623441339,4.2956075231252985E-2,12053.264143088536,0.48697849497630707,1.7268740956606634,5.1073153148680238E-2,,27919.265621914899
,12,,,24726.370883238462,315,7788.8068282201148,8710.6252307068171,0.35228078037976795,1.1183516837452951,3.6909428943672953E-2,10789.954611501144,0.43637437383969069,1.3853154725069547,4.572014665890315E-2,12869.283992295466,0.52046796729961331,1.6522792612686139,5.4530864374133334E-2,,31155.227312880459
,13,,,24701.644512355222,359,8867.8903799355248,9343.9812670836436,0.37827365147328507,1.0536870514576184,3.9593140962218831E-2,11635.253539033019,0.47103153529771347,1.3120655579323495,4.930192177556364E-2,13926.525810982392,0.56378941912214176,1.5704440644070801,5.9010702588908441E-2,,35471.561519742099
,14,27,60,24676.942867842867,400,9870.777147137147,9914.8013838406514,0.4017840231239046,1.0044600578097616,4.2011870270511238E-2,12397.170416192772,0.50237869749853947,1.2559467437463485,5.2530383119460899E-2,14879.539448544892,0.60297337187317424,1.5074334296829357,6.3048895968410568E-2,,39483.108588548588
,15,,,24652.265924975025,450,11093.519666238761,8619.8061647067225,0.34965573513362364,0.77701274474138593,3.6524602392825095E-2,11328.726446775798,0.45954098017816486,1.0212021781736997,4.8003078164304228E-2,14037.646728844869,0.56942622522270603,1.2653916116060133,5.9481553935783346E-2,,44374.078664955043
,16,,,24627.61365905005,503,12387.689670502175,9318.2606103794224,0.37836636303392668,0.75221940961019218,3.9484155128726363E-2,12260.163389445563,0.4978218173785689,0.98970540234307924,5.1949844870532044E-2,15202.066168511703,0.61727727172321112,1.2271913950759663,6.4415534612337719E-2,,49550.758682008702
,17,,,24602.986045391001,559,13753.069199373569,10035.345442218344,0.4078913601667597,0.72968042963642166,4.2522650178891286E-2,13216.440682655184,0.53718848022234622,0.96098118107754249,5.6001867299386374E-2,16397.535923092026,0.6664856002779328,1.1922819325186633,6.9481084419881461E-2,,55012.276797494276
,18,,,24578.383059345608,617,15164.862347616241,10757.973586704344,0.43770062337822363,0.70940133448658604,4.5584633841967558E-2,14180.108895210153,0.57693416450429813,0.93506347569578296,6.0085207183093868E-2,17602.244203715964,0.71616770563037269,1.16072561690498,7.4585780524220185E-2,,60659.449390464964
,19,,,24553.804676286261,677,16622.925765845801,11486.489145375888,0.46780893213137703,0.69100285396067507,4.8671564175321563E-2,15151.626829325944,0.61707857617516948,0.91148977278459287,6.4201808598838742E-2,18816.764513275997,0.76634822021896176,1.1319766916085106,7.973205302235592E-2,,66491.703063383204
,20,,,24529.250871609976,739,18127.116394119774,12221.148230167681,0.49822753634569295,0.67419152414843431,5.1784526399015596E-2,16131.335967746174,0.65763671512759059,0.88990083237833639,6.8353118507399044E-2,20041.523705324667,0.81704589390948823,1.1056101406082384,8.4921710615782492E-2,,72508.465576479095
Precatching,21,24,65,24504.721620738368,800,19603.777296590692,12927.176893396896,0.52753820645147076,0.65942275806433848,5.4776173277105489E-2,17072.871047057608,0.69671760860196108,0.87089701075245152,7.2342673928210199E-2,21218.565200718316,0.86589701075245129,1.0823712634405642,8.9909174579314896E-2,,78415.109186362766
,22,,,24480.21689911763,860,21052.986533241161,13606.780473755718,0.55582761091655863,0.64631117548437056,5.7655849465066605E-2,17979.172519013508,0.73443681455541165,0.85399629599466464,7.6182934402599614E-2,22351.564564271295,0.91304601819426445,1.0616814165049586,9.4710019340132609E-2,,84211.946132964644
,23,,,24455.73668221851,923,22572.644957687684,14306.735715763447,0.58500530577619902,0.63380856530465768,6.0621761507472234E-2,18912.609376469809,0.77334040770159884,0.83785526294864454,8.0138175324024619E-2,23518.483037176167,0.96167550962699844,1.0419019605926312,9.9654589140576982E-2,,90290.579830750736
,24,,,24431.280945536291,989,24162.536855135393,15026.292293254985,0.61504316236027556,0.6218838850963353,6.3670730056165192E-2,19872.181184703069,0.81339088314703412,0.82243769782308795,8.4204157562301138E-2,24718.070076151154,1.0117386039337926,1.0229915105498408,0.1047375850684371,,96650.147420541573
,25,,,24406.849664590754,1058,25822.446945137017,15764.755283725821,0.64591520414849735,0.61050586403449658,6.6799810524261954E-2,20856.961380537159,0.85455360553132986,0.80770662148518901,8.8376955002276103E-2,25949.167477348492,1.0631920069141623,1.0049073789358811,0.10995409948029022,,103289.78778054807
,26,,,24382.442814926162,1127,27479.013052421786,16489.543317502514,0.67628758294095681,0.60007771334601312,6.9870946260603875E-2,21823.508137903846,0.89505011058794248,0.79418820815256652,9.2472492109762064E-2,27157.472958305174,1.113812638234928,0.98829870295911981,0.11507403795892023,,109916.05220968714
,27,,,24358.060372111235,1192,29034.807963556592,17159.677269521089,0.7044763420148209,0.59100364262988325,7.2710496904750385E-2,22717.182623547378,0.9326351226864279,0.7824120156765334,9.6259248404861775E-2,28274.687977573667,1.1607939033580348,0.97382038872318355,0.11980799990497316,,116139.23185422637
,28,21,70,24333.702311739122,1268,30855.134531285206,17932.795088672327,0.73695300694219246,0.58119322314053035,7.5986419867255614E-2,23748.168769484841,0.97593734258958997,0.76966667396655364,0.10062783376900356,29563.542450297355,1.2149216782369874,0.95814012479257682,0.12526924767075151,,123420.53812514083
,29,,,24309.368609427383,1346,32720.410148289258,18226.728491463255,0.74978206074816656,0.55704462165539859,7.723190038755616E-2,24302.304655284341,0.99970941433088878,0.74272616220719812,0.10297586718340822,30377.880819105427,1.2496367679136109,0.92840770275899775,0.12871983397926029,,130881.64059315703
,30,,,24285.059240817955,1425,34606.209418165585,19004.286361918461,0.78255054572715832,0.54915827770326908,8.0526637126773146E-2,25339.048482557948,1.0434007276362112,0.73221103693769207,0.10736884950236418,31673.810603197435,1.3042509095452639,0.91526379617211506,0.13421106187795523,,138424.83767266234
,31,,,24260.774181577137,1505,36512.465143273592,19779.17990953536,0.81527406180446793,0.54171034006941399,8.3810084362437962E-2,26372.239879380475,1.0870320824059572,0.72228045342588509,0.11174677914991726,32965.299849225594,1.3587901030074465,0.90285056678235642,0.13968347393739658,,146049.86057309437
,32,,,24236.51340739556,1585,38414.873750721963,20542.029282938511,0.84756536295646756,0.5347415539157524,8.7042496961603863E-2,27389.372377251351,1.1300871506086236,0.71298873855433664,0.11605666261547183,34236.715471564188,1.4126089382607794,0.89123592319292078,0.14507082826933979,,153659.49500288785
,33,,,24212.276893988164,1662,40240.804197808335,21264.743419054899,0.87826285450811414,0.52843733724916608,9.0104844995995331E-2,28352.991225406535,1.1710171393441522,0.70458311633222148,0.12013979332799379,35441.239031758167,1.4637714241801902,0.88072889541527677,0.15017474165999223,,160963.21679123334
,34,,,24188.064617094176,1740,42087.232433743862,21986.915468985357,0.90899854192744201,0.52241295513071384,9.3164896055022692E-2,29315.887291980478,1.2119980559032562,0.69655060684095182,0.12421986140669694,36644.859114975596,1.5149975698790701,0.87068825855118981,0.15527482675837118,,168348.92973497545
,35,20,70,24163.876552477082,1818,43929.927572403336,22699.34198396845,0.93939157215407565,0.5167170363883804,9.6183652474442591E-2,30265.789311957942,1.2525220962054344,0.68895604851784076,0.12824486996592349,37832.236639947419,1.5656526202567929,0.86119506064730078,0.16030608745740432,,175719.71028961334
,36,,,24139.712675924606,1896,45768.895233553048,23402.49152917754,0.96946023522962965,0.51131868946710424,9.9163099699904833E-2,31203.322038903392,1.2926136469728398,0.68175825262280587,0.1322174662665398,39004.152548629238,1.6157670587160495,0.85219781577850717,0.16527183283317473,,183075.58093421219
,37,,,24115.57296324868,1974,47604.141029452898,24096.790198727482,0.99922113546504487,0.50619105140073184,0.10210504321494696,32129.053598303315,1.3322948472867266,0.6749214018676426,0.13614005761992931,40161.316997879141,1.6653685591084082,0.84365175233455325,0.17017507202491161,,190416.56411781159
,38,,,24091.457390285432,2052,49435.670564865708,24782.627018471652,1.0286894070785824,0.50131062723127795,0.10501113143420192,33043.502691295536,1.3715858761047766,0.66841416964170397,0.14001484191226923,41304.378364119417,1.7144823451309705,0.83551771205212988,0.17501855239033651,,197742.68225946283
,39,,,24067.365932895147,2130,51263.489437066666,25460.35848155848,1.0578788951207743,0.49665675827266392,0.10788287492185797,33947.144642077976,1.4105051934943658,0.66220901103021867,0.14384383322914396,42433.930802597468,1.763131491867957,0.82776126378777326,0.17980479153642995,,205053.95774826666
,40,,,24043.29856696225,2208,53087.60323585265,26130.312382648237,1.0868023083385796,0.49221119037073352,0.11072166263833999,34840.416510197654,1.4490697444514398,0.65628158716097806,0.14762888351778666,43550.520637747068,1.8113371805642995,0.82035198395122266,0.18453610439723334,,212350.4129434106
,41,,,24019.255268395289,2286,54908.017543551628,26792.791080212704,1.115471349166552,0.48795772054529835,0.11352877576361316,35723.721440283611,1.4872951322220695,0.65061029406039783,0.15137170101815089,44654.651800354513,1.8591189152775869,0.81326286757549737,0.18921462627268862,,219632.07017420651
,42,19,70,23995.236013126894,2364,56724.737935031982,27448.074288854321,1.1438968249296864,0.48388190563861516,0.11630539952904373,36597.432385139095,1.5251957665729152,0.64517587418482025,0.15507386603872497,45746.790481423865,1.9064947082161439,0.80646984273102529,0.19384233254840622,,226898.95174012793
